[
	{ "s": "REALICE", "p": [21] },
	{ "s": "REALIZADO", "p": [6, 5] },
	{ "s": "REALIZADOS", "p": [9] },
	{ "s": "REALIZANDO", "p": [19] },
	{ "s": "REALIZAR", "p": [7, 6, 21, 16, 9, 8] },
	{ "s": "REALIZARA", "p": [10] },
	{ "s": "REALIZARLE", "p": [10] },
	{ "s": "REALIZARÁ", "p": [18] },
	{ "s": "REALIZARÁN", "p": [23] },
	{ "s": "RECIBIDO", "p": [16] },
	{ "s": "REDIRIGIDO", "p": [22, 19, 18, 17, 13, 8, 6, 5] },
	{ "s": "REFLEJADO", "p": [10] },
	{ "s": "REGISTRADO", "p": [4, 18, 11] },
	{ "s": "REGISTRARSE", "p": [5, 4] },
	{ "s": "REGISTRESE", "p": [4] },
	{ "s": "REGISTRO", "p": [5, 23, 12, 9, 4, 3] },
	{ "s": "REGISTRÓ", "p": [6] },
	{ "s": "REGRESA", "p": [13, 9] },
	{ "s": "REGRESADO", "p": [7] },
	{ "s": "REINA", "p": [2] },
	{ "s": "RELACIONADA", "p": [8] },
	{ "s": "RELACIONADO", "p": [6] },
	{ "s": "RELACIONADOS", "p": [6] },
	{ "s": "REPORTE", "p": [21, 20, 19, 3] },
	{ "s": "REPORTES", "p": [19, 20, 6, 3] },
	{ "s": "REPOSTE", "p": [15] },
	{ "s": "RESPECTIVAMENTE", "p": [22, 13, 5, 4] },
	{ "s": "RESPECTIVOS", "p": [23, 6, 5] },
	{ "s": "REVISAR", "p": [20] },
	{ "s": "RH", "p": [12, 5] },
	{ "s": "ROJAS", "p": [14, 9, 7] },
	{ "s": "ROJO", "p": [19, 14, 8, 6] },
	{ "s": "ROJOS", "p": [19, 14, 13, 9, 8, 7] },
	{ "s": "ROL", "p": [8, 10, 6] },
	{ "s": "ROLES", "p": [8, 7, 10, 3, 6] }
]