[
	{ "s": "BARRA", "p": [23, 13, 5, 15, 21, 20, 4] },
	{ "s": "BARRAS", "p": [5, 4, 20, 18, 8] },
	{ "s": "BARRAS.ESTAS", "p": [4] },
	{ "s": "BASE", "p": [15, 23, 16] },
	{ "s": "BLANCA", "p": [16] },
	{ "s": "BOADA", "p": [2] },
	{ "s": "BORDE", "p": [14] },
	{ "s": "BORRARA", "p": [8] },
	{ "s": "BORRO", "p": [8] },
	{ "s": "BOTO", "p": [16] },
	{ "s": "BOTON", "p": [4] },
	{ "s": "BOTONES", "p": [13, 12, 10, 9, 8] },
	{ "s": "BOTÓN", "p": [23, 13, 11, 7, 22, 21, 20, 19, 18, 17, 15, 14, 12, 10, 9, 8, 5] },
	{ "s": "BREVEMENTE", "p": [6] },
	{ "s": "BUSCAR", "p": [15] },
	{ "s": "BUSCARA", "p": [15] },
	{ "s": "BÚSQUEDA", "p": [21] }
]