[
	{ "s": "A", "p": [13, 5, 16, 9, 4, 8, 7, 6, 22, 12, 11, 10, 23, 19, 18, 14, 17, 15] },
	{ "s": "ABAJO", "p": [5] },
	{ "s": "ABIERTO", "p": [15] },
	{ "s": "ABIERTOS", "p": [15] },
	{ "s": "ABRIR", "p": [15, 16, 3] },
	{ "s": "ABRIRA", "p": [12] },
	{ "s": "ACCEDER", "p": [4] },
	{ "s": "ACCESO", "p": [5, 4] },
	{ "s": "ACCIÓN", "p": [8] },
	{ "s": "ACD123", "p": [15] },
	{ "s": "ACEPTAR", "p": [16, 15, 13] },
	{ "s": "ACTIVAR", "p": [23, 13] },
	{ "s": "ACTIVIDADES", "p": [19, 9] },
	{ "s": "ACTUALIZACIÓN", "p": [12, 9] },
	{ "s": "ACTUALIZAR", "p": [9, 8, 12, 18, 13, 23, 10] },
	{ "s": "ACTUALIZARÁ", "p": [18] },
	{ "s": "ACUERDO", "p": [16] },
	{ "s": "ADEMAS", "p": [4] },
	{ "s": "ADEMÁS", "p": [23, 16, 14, 13, 11, 10, 8] },
	{ "s": "ADENTRO", "p": [7] },
	{ "s": "ADMINISTRACION", "p": [8, 7] },
	{ "s": "ADMINISTRACIONDE", "p": [12] },
	{ "s": "ADMINISTRACIÓN", "p": [3, 7, 6, 22, 13, 11, 8, 23, 19, 18, 17, 14, 12, 10, 9] },
	{ "s": "ADMINISTRACÓN", "p": [3] },
	{ "s": "ADMINISTRADOR", "p": [11, 9, 6] },
	{ "s": "ADMINISTRAR", "p": [19, 17, 14, 11, 7, 9] },
	{ "s": "AGREGADOS", "p": [8] },
	{ "s": "AGREGAR", "p": [13, 23, 8] },
	{ "s": "AGREGARA", "p": [23] },
	{ "s": "AGREGARÁ", "p": [13] },
	{ "s": "AGREGARÁN", "p": [13] },
	{ "s": "AHÍ", "p": [13, 9] },
	{ "s": "AL", "p": [16, 23, 13, 12, 8, 7, 5, 21, 20, 18, 15, 11, 10, 9, 6] },
	{ "s": "ALGUNA", "p": [8, 6] },
	{ "s": "ANDRES", "p": [2] },
	{ "s": "ANTERIOR", "p": [13, 23, 18, 10, 8, 22, 16, 14, 11, 9, 5] },
	{ "s": "ANTERIORES", "p": [11, 5] },
	{ "s": "ANTERIORMENTE", "p": [8] },
	{ "s": "ANTERIOS", "p": [5] },
	{ "s": "APAGAR", "p": [16] },
	{ "s": "APARCERA", "p": [15, 13] },
	{ "s": "APARECE", "p": [8, 5, 4] },
	{ "s": "APARECEN", "p": [10, 9] },
	{ "s": "APARECERA", "p": [5] },
	{ "s": "APARECERAN", "p": [5] },
	{ "s": "APARECERÁ", "p": [15, 9, 8, 21, 20, 16, 5] },
	{ "s": "APARECERÁN", "p": [5, 9, 6] },
	{ "s": "APELLIDO", "p": [5, 12] },
	{ "s": "APELLIDOS", "p": [12] },
	{ "s": "APLICACION", "p": [4, 5] },
	{ "s": "APLICACIÓN", "p": [5] },
	{ "s": "APLICATIVO", "p": [6, 5, 11, 9, 4] },
	{ "s": "AQUI", "p": [5, 4] },
	{ "s": "AQUÍ", "p": [11, 5] },
	{ "s": "ARRIBA", "p": [23] },
	{ "s": "ARROJA", "p": [16] },
	{ "s": "ASEGURARSE", "p": [14, 4] },
	{ "s": "ASÍ", "p": [14, 8] },
	{ "s": "AUN", "p": [4] },
	{ "s": "AUTO", "p": [21] },
	{ "s": "AVISO", "p": [13] },
	{ "s": "AYUDAR", "p": [16] },
	{ "s": "AYUDARA", "p": [22, 13, 11, 6] }
]