[
	{ "s": "SABER", "p": [19] },
	{ "s": "SALDRA", "p": [9] },
	{ "s": "SALDRÁ", "p": [23] },
	{ "s": "SALE", "p": [16] },
	{ "s": "SALIDA", "p": [21, 20, 16] },
	{ "s": "SALIR", "p": [6, 16, 12] },
	{ "s": "SANGRE", "p": [5, 12] },
	{ "s": "SATISFACER", "p": [6] },
	{ "s": "SE", "p": [23, 12, 18, 16, 13, 6, 5, 4, 15, 9, 8, 10, 21, 20, 17] },
	{ "s": "SEA", "p": [16] },
	{ "s": "SEAN", "p": [15] },
	{ "s": "SEGUNDA", "p": [20, 15] },
	{ "s": "SEGUNDO", "p": [5, 19, 16, 11, 9, 8, 7] },
	{ "s": "SEGURO", "p": [23, 13, 12, 9, 4] },
	{ "s": "SELECCIONA", "p": [12] },
	{ "s": "SELECCIONABLE", "p": [10] },
	{ "s": "SELECCIONADO", "p": [9] },
	{ "s": "SELECCIONANDO", "p": [10] },
	{ "s": "SELECCIONO", "p": [23, 13] },
	{ "s": "SEPA", "p": [10] },
	{ "s": "SER", "p": [10] },
	{ "s": "SERA", "p": [5, 18, 13, 11] },
	{ "s": "SERVICIO", "p": [15] },
	{ "s": "SERVICIOS", "p": [5] },
	{ "s": "SERÁ", "p": [6, 22, 19, 18, 17, 15, 14, 13, 8, 7, 5] },
	{ "s": "SERÁN", "p": [8] },
	{ "s": "SESIÓN", "p": [6] },
	{ "s": "SEÑALADA", "p": [5] },
	{ "s": "SEÑALIZACION", "p": [5] },
	{ "s": "SI", "p": [23, 15, 13, 8, 12, 9, 5, 18, 7, 10, 6, 4, 22, 21, 20, 19, 17, 16, 14, 11] },
	{ "s": "SIDO", "p": [4] },
	{ "s": "SIGLA", "p": [13] },
	{ "s": "SIN", "p": [8] },
	{ "s": "SIRVE", "p": [12] },
	{ "s": "SISTEMA", "p": [23, 21, 13, 5, 4] },
	{ "s": "SOBRE", "p": [6] },
	{ "s": "SOLAMENTE", "p": [5] },
	{ "s": "SOLO", "p": [8, 5] },
	{ "s": "SON", "p": [5] },
	{ "s": "SU", "p": [5, 19, 13, 9, 22, 16, 8, 4, 17, 15, 14, 7] },
	{ "s": "SUBTITULO", "p": [15] },
	{ "s": "SUPERIOR", "p": [13, 22, 19, 17, 8, 14, 11, 9, 7, 6] },
	{ "s": "SÁNCHEZ", "p": [2] }
]