[
	{ "s": "ICONO", "p": [6, 15, 11] },
	{ "s": "ICONOS", "p": [6] },
	{ "s": "ID", "p": [10, 12, 8, 23, 18, 13, 9] },
	{ "s": "IDENTIFICACIÓN", "p": [12] },
	{ "s": "IDENTIFICAR", "p": [22, 13] },
	{ "s": "IGUAL", "p": [5] },
	{ "s": "INACTIVOS", "p": [12, 9, 8] },
	{ "s": "INCONO", "p": [4] },
	{ "s": "INDICADO", "p": [8] },
	{ "s": "INFERIOR", "p": [23, 13, 18, 10, 8, 21, 20, 15, 16, 9, 5, 4] },
	{ "s": "INFORMACION", "p": [5] },
	{ "s": "INFORMACIÓN", "p": [18, 9, 8, 5] },
	{ "s": "INGRESADA", "p": [8] },
	{ "s": "INGRESADOS", "p": [8] },
	{ "s": "INGRESAR", "p": [16, 4, 23, 15] },
	{ "s": "INGRESE", "p": [16, 6] },
	{ "s": "INGRESO", "p": [15, 21, 20, 16] },
	{ "s": "INSERCIÓN", "p": [8] },
	{ "s": "INSERTA", "p": [15] },
	{ "s": "INSERTAR", "p": [13, 23, 8, 15] },
	{ "s": "INSERTO", "p": [13] },
	{ "s": "INSTALACIONES", "p": [16] },
	{ "s": "INSTRUCCIONES", "p": [1] },
	{ "s": "INTERFAS", "p": [6] },
	{ "s": "INTERFAZ", "p": [6, 7, 4, 3] },
	{ "s": "INTERIOR", "p": [5] },
	{ "s": "INTERRUMPE", "p": [8] },
	{ "s": "IRÁ", "p": [16] },
	{ "s": "IZQUIERDA", "p": [19, 9, 8, 7, 22, 17, 15, 14, 13, 12, 11, 5] }
]