[
	{ "s": "CADA", "p": [8, 23, 13, 9, 16, 10, 18, 12, 6] },
	{ "s": "CALCULA", "p": [16] },
	{ "s": "CALCULAR", "p": [16] },
	{ "s": "CALENDARIO", "p": [15] },
	{ "s": "CAMBIAR", "p": [10, 9, 8] },
	{ "s": "CAMBIARA", "p": [9] },
	{ "s": "CAMBIARAN", "p": [8] },
	{ "s": "CAMBIO", "p": [18, 16, 13, 21, 20, 10, 8] },
	{ "s": "CAMBIOS", "p": [10, 23, 12, 18, 13, 9, 8] },
	{ "s": "CAMILO", "p": [2] },
	{ "s": "CAMPOS", "p": [5] },
	{ "s": "CANCELA", "p": [9] },
	{ "s": "CANCELAR", "p": [8, 13, 12, 9, 23, 18, 10] },
	{ "s": "CANELAR", "p": [12] },
	{ "s": "CAPITULO", "p": [5] },
	{ "s": "CARACTERÍSTICAS", "p": [14] },
	{ "s": "CARRO", "p": [16, 15] },
	{ "s": "CASILLA", "p": [16, 5, 8, 4] },
	{ "s": "CASILLAS", "p": [15, 16, 9, 6, 5] },
	{ "s": "CASO", "p": [15] },
	{ "s": "CAZ92E", "p": [15] },
	{ "s": "CELULAR", "p": [12] },
	{ "s": "CENTRAL", "p": [19, 13] },
	{ "s": "CENTRAR", "p": [22, 17] },
	{ "s": "CENTRO", "p": [14] },
	{ "s": "CERRA", "p": [16] },
	{ "s": "CERRAR", "p": [16, 15, 6, 3] },
	{ "s": "CLICK", "p": [16, 9, 6, 12, 10, 4] },
	{ "s": "CLICKEARA", "p": [7] },
	{ "s": "CLIENTE", "p": [16] },
	{ "s": "COBRAR", "p": [23] },
	{ "s": "COINCIDAN", "p": [4] },
	{ "s": "COLOCADA", "p": [21] },
	{ "s": "COLOCAR", "p": [4, 21, 5] },
	{ "s": "COLOCARA", "p": [23, 15] },
	{ "s": "COLOCARLA", "p": [5] },
	{ "s": "COLOCO", "p": [15, 4] },
	{ "s": "COLOR", "p": [18, 15, 8, 6, 4] },
	{ "s": "COLUMNA", "p": [8] },
	{ "s": "COLUMNAS", "p": [23, 21, 20, 18, 13, 9, 6] },
	{ "s": "COMENTARIO", "p": [8, 4] },
	{ "s": "COMO", "p": [5, 16, 12] },
	{ "s": "COMPLETA", "p": [5] },
	{ "s": "CON", "p": [6, 5, 14, 13, 8, 19, 16, 11, 9, 22, 15, 7, 4, 23, 20, 17, 12, 10] },
	{ "s": "CONFIRMAR", "p": [12, 23, 18, 13, 10] },
	{ "s": "CONOCER", "p": [6] },
	{ "s": "CONSULTA", "p": [21] },
	{ "s": "CONTARA", "p": [23, 13, 7] },
	{ "s": "CONTARÁ", "p": [8, 6] },
	{ "s": "CONTENDRÁ", "p": [21, 8, 20, 12, 6] },
	{ "s": "CONTENIDO", "p": [3, 8] },
	{ "s": "CONTIENE", "p": [7, 11] },
	{ "s": "CONTIENEN", "p": [9] },
	{ "s": "CONTINUACIÓN", "p": [5] },
	{ "s": "CONTRAREMOS", "p": [8] },
	{ "s": "CONTRASEÑA", "p": [4, 9, 5] },
	{ "s": "CORRECTA", "p": [15] },
	{ "s": "CORREO", "p": [4, 10, 5] },
	{ "s": "CORRESPONDIENTE", "p": [5] },
	{ "s": "CORTES", "p": [2] },
	{ "s": "CREADORES", "p": [2] },
	{ "s": "CREAR", "p": [15, 8] },
	{ "s": "CRISTIAN", "p": [2] },
	{ "s": "CUADRADO", "p": [15] },
	{ "s": "CUADRO", "p": [8, 7, 17, 11, 9, 6, 22, 19, 18, 16, 14, 13, 12] },
	{ "s": "CUADROS", "p": [8, 6, 12, 9, 22, 19, 14, 13, 11, 7] },
	{ "s": "CUAL", "p": [5, 10, 6, 16, 12, 4, 21, 9, 8, 19, 15, 14, 11, 7, 20, 18, 17, 13] },
	{ "s": "CUALES", "p": [20, 8, 7, 6, 5] },
	{ "s": "CUALQUIER", "p": [16, 6] },
	{ "s": "CUALQUIERA", "p": [10] },
	{ "s": "CUANDO", "p": [16, 15, 12, 9, 6, 5, 4] },
	{ "s": "CUENTA", "p": [5, 19, 14, 13, 22, 17, 11] },
	{ "s": "CUENTE", "p": [6] },
	{ "s": "CUÁL", "p": [10] },
	{ "s": "CÓMO", "p": [6] }
]