[
	{ "s": "UBICACIÓN", "p": [12] },
	{ "s": "UBICÁNDOSE", "p": [8] },
	{ "s": "UN", "p": [5, 17, 16, 15, 14, 13, 9, 7, 6, 22, 19, 12, 11, 8, 23, 20, 18, 10] },
	{ "s": "UNA", "p": [5, 23, 13, 8, 16, 6, 21, 15, 12, 4, 20, 10, 9, 18, 11, 7] },
	{ "s": "UNAS", "p": [18, 16] },
	{ "s": "UNIDO", "p": [16] },
	{ "s": "UNO", "p": [23, 13, 12, 5] },
	{ "s": "UNOS", "p": [5] },
	{ "s": "USO", "p": [4] },
	{ "s": "USUARIO", "p": [13, 9, 8, 23, 10, 5, 6, 16, 12, 15, 7, 22, 18, 4, 19, 14, 21, 11, 20, 17] },
	{ "s": "USUARIOS", "p": [7, 9, 10, 3, 6, 8] },
	{ "s": "UTILIZAR", "p": [6, 5, 4] }
]