[
	{ "s": "E", "p": [12] },
	{ "s": "EASYPARKING", "p": [2, 4, 1] },
	{ "s": "EFECTIVA", "p": [12] },
	{ "s": "EJECUTADO", "p": [12] },
	{ "s": "EJEMPLO", "p": [15] },
	{ "s": "EL", "p": [8, 16, 13, 5, 6, 23, 9, 15, 12, 4, 10, 11, 7, 19, 18, 14, 22, 21, 20, 17] },
	{ "s": "ELECTRONICO", "p": [4] },
	{ "s": "ELEGIDA", "p": [6] },
	{ "s": "ELEGIDAS", "p": [21, 20] },
	{ "s": "ELEGIDO", "p": [12] },
	{ "s": "ELEGIR", "p": [5, 9, 6, 4] },
	{ "s": "ELEGÍ", "p": [16] },
	{ "s": "ELIGE", "p": [22, 17, 13, 9, 8] },
	{ "s": "ELIGIO", "p": [4] },
	{ "s": "ELIGIÓ", "p": [10] },
	{ "s": "ELIMINACIÓN", "p": [13] },
	{ "s": "ELIMINADOS", "p": [9] },
	{ "s": "ELIMINAR", "p": [9, 12, 23, 13, 8] },
	{ "s": "ELIMINARÁ", "p": [23] },
	{ "s": "ELIMINE", "p": [8] },
	{ "s": "ELLA", "p": [5] },
	{ "s": "ELLOS", "p": [12, 8, 5] },
	{ "s": "EMPLEADO", "p": [11] },
	{ "s": "EMPLEADOS", "p": [12, 11, 3, 6] },
	{ "s": "EN", "p": [13, 23, 16, 9, 8, 15, 18, 10, 6, 5, 7, 4, 20, 14, 22, 21, 19, 17, 12, 11] },
	{ "s": "ENCERRADO", "p": [5] },
	{ "s": "ENCIMA", "p": [14, 7] },
	{ "s": "ENCONTRAMOS", "p": [11, 16, 12] },
	{ "s": "ENCONTRAR", "p": [16, 10] },
	{ "s": "ENCONTRARA", "p": [13, 5, 4, 23, 10, 9, 7, 6, 22, 19, 15, 11, 8] },
	{ "s": "ENCONTRARAN", "p": [8] },
	{ "s": "ENCONTRAREMOS", "p": [7, 12, 9, 6] },
	{ "s": "ENCONTRARÁ", "p": [8, 6] },
	{ "s": "ENCUENTRA", "p": [20, 17, 15, 4] },
	{ "s": "ENCUENTRAN", "p": [18, 5] },
	{ "s": "ENTENDER", "p": [6] },
	{ "s": "ENTONCES", "p": [4] },
	{ "s": "ENTRADA", "p": [16] },
	{ "s": "ENTRE", "p": [9] },
	{ "s": "ES", "p": [7, 5, 15, 19, 20, 16, 14, 10, 8, 6] },
	{ "s": "ESA", "p": [16, 15, 12] },
	{ "s": "ESCRIBIR", "p": [15] },
	{ "s": "ESCRIBIRSE", "p": [15] },
	{ "s": "ESE", "p": [23, 15, 13, 9] },
	{ "s": "ESOS", "p": [16] },
	{ "s": "ESQUINA", "p": [6] },
	{ "s": "ESTA", "p": [16, 15, 5, 23, 8, 22, 14, 13, 12, 9, 7, 6, 4] },
	{ "s": "ESTABA", "p": [15] },
	{ "s": "ESTABAN", "p": [23, 13] },
	{ "s": "ESTARÁ", "p": [16] },
	{ "s": "ESTARÁN", "p": [21, 20, 15, 9, 8, 5] },
	{ "s": "ESTAS", "p": [5, 9, 23, 15, 8, 6, 4] },
	{ "s": "ESTE", "p": [5, 23, 22, 15, 13, 10, 7] },
	{ "s": "ESTO", "p": [5, 22, 14, 13, 6] },
	{ "s": "ESTOS", "p": [20, 18, 23, 21, 14, 13, 7, 5] },
	{ "s": "ESTÁ", "p": [13, 22, 19, 15, 14, 10, 6] },
	{ "s": "ESTÁN", "p": [18] },
	{ "s": "EXCEPTO", "p": [15] },
	{ "s": "EXISTEN", "p": [23, 13, 5] }
]