[
	{ "s": "DA", "p": [16, 12, 9, 6, 10] },
	{ "s": "DAN", "p": [12] },
	{ "s": "DAR", "p": [16] },
	{ "s": "DARLE", "p": [4] },
	{ "s": "DARÁ", "p": [16] },
	{ "s": "DATOS", "p": [15, 8, 5, 23, 13, 21, 20, 18, 16] },
	{ "s": "DE", "p": [13, 8, 5, 16, 15, 9, 7, 23, 12, 6, 4, 19, 18, 11, 3, 20, 14, 10, 22, 21, 17, 2, 1] },
	{ "s": "DEBAJO", "p": [5, 9, 23, 8, 15, 12, 10, 7, 4] },
	{ "s": "DEBE", "p": [16, 4, 5] },
	{ "s": "DEBERA", "p": [4, 5] },
	{ "s": "DEBERÁ", "p": [5, 15, 21, 6] },
	{ "s": "DEBIO", "p": [4] },
	{ "s": "DECIR", "p": [6] },
	{ "s": "DEL", "p": [16, 13, 10, 9, 6, 21, 18, 15, 14, 11, 8, 5] },
	{ "s": "DENTRO", "p": [5, 15, 9] },
	{ "s": "DEPENDE", "p": [16] },
	{ "s": "DEPENDIENDO", "p": [6, 7] },
	{ "s": "DERECHA", "p": [19, 13, 22, 17, 15, 14, 12, 9, 8, 7, 5] },
	{ "s": "DERECHO", "p": [5] },
	{ "s": "DESACTIVADAS", "p": [23] },
	{ "s": "DESACTIVADOS", "p": [13, 23, 22] },
	{ "s": "DESAPARECERÁ", "p": [9, 23, 21, 13] },
	{ "s": "DESCRIPCIÓN", "p": [8] },
	{ "s": "DESDE", "p": [20, 21] },
	{ "s": "DESEA", "p": [21, 20, 9, 8, 5, 4] },
	{ "s": "DESEADA", "p": [7] },
	{ "s": "DESEADAS", "p": [7, 14] },
	{ "s": "DESEADO", "p": [8] },
	{ "s": "DESEE", "p": [23, 13, 18, 8, 6, 4] },
	{ "s": "DESPARECERÁ", "p": [20] },
	{ "s": "DESPLAZARA", "p": [5] },
	{ "s": "DESPLEGABLE", "p": [5] },
	{ "s": "DESPLEGABLES", "p": [5] },
	{ "s": "DESPLEGAR", "p": [20, 16, 12] },
	{ "s": "DESPLEGARA", "p": [10, 23, 18, 13] },
	{ "s": "DESPLEGARÁ", "p": [23, 13, 21, 18, 16] },
	{ "s": "DESPLIEGA", "p": [16] },
	{ "s": "DESPUÉS", "p": [15, 5] },
	{ "s": "DEVOLVER", "p": [16] },
	{ "s": "DEVOLVERÁ", "p": [10, 23, 22, 13, 9] },
	{ "s": "DEVUELTO", "p": [18, 13] },
	{ "s": "DICE", "p": [9, 23, 20, 16, 15, 14, 11, 6, 5] },
	{ "s": "DICIENDOLE", "p": [12] },
	{ "s": "DIFERENCIARÁ", "p": [6] },
	{ "s": "DIFERENTE", "p": [21, 20] },
	{ "s": "DIFERENTES", "p": [5] },
	{ "s": "DIGITAR", "p": [18, 5] },
	{ "s": "DIGITARA", "p": [16, 9] },
	{ "s": "DILIGENCIARA", "p": [5] },
	{ "s": "DILIGENCIARÁ", "p": [5] },
	{ "s": "DIO", "p": [16] },
	{ "s": "DIRAN", "p": [4] },
	{ "s": "DIRIGIRSE", "p": [5] },
	{ "s": "DIRIGIRÁ", "p": [5] },
	{ "s": "DIRIJO", "p": [5] },
	{ "s": "DIRÁ", "p": [5, 13, 7] },
	{ "s": "DISTRIBUIDAS", "p": [6] },
	{ "s": "DIVIDIDOS", "p": [18] },
	{ "s": "DOCUMENTO", "p": [13, 12, 5, 23, 3] },
	{ "s": "DOCUMENTOS", "p": [13, 23, 11, 5] },
	{ "s": "DONDE", "p": [23, 18, 13, 9, 8, 7, 21, 20, 15, 11, 10, 5, 4] },
	{ "s": "DOS", "p": [12, 8, 5, 20, 19, 14, 13, 11, 10, 9, 4] },
	{ "s": "DÍA", "p": [16] }
]