[
	{ "s": "PAGAR", "p": [16] },
	{ "s": "PAGINA", "p": [4] },
	{ "s": "PAGO", "p": [15] },
	{ "s": "PALABRA", "p": [8, 7, 6, 4] },
	{ "s": "PALABRAS", "p": [8] },
	{ "s": "PANTALLA", "p": [18, 16, 10] },
	{ "s": "PARA", "p": [4, 16, 15, 5, 7, 21, 14, 12, 10, 8, 6] },
	{ "s": "PARQUEADERO", "p": [6] },
	{ "s": "PARTE", "p": [13, 23, 8, 22, 19, 18, 17, 10, 21, 20, 15, 14, 9, 16, 11, 7, 5, 4] },
	{ "s": "PERMITIR", "p": [11] },
	{ "s": "PERMITIRÁ", "p": [23, 19, 16, 13, 9, 6] },
	{ "s": "PERMITIRÁN", "p": [8] },
	{ "s": "PERO", "p": [5] },
	{ "s": "PERSONA", "p": [11] },
	{ "s": "PESOS", "p": [16] },
	{ "s": "PLACA", "p": [15, 21, 18, 16, 20] },
	{ "s": "PODEMOS", "p": [16, 12] },
	{ "s": "PODER", "p": [5, 4] },
	{ "s": "PODRÁ", "p": [8, 13, 10, 23, 18, 9, 6, 21, 15, 14, 12] },
	{ "s": "PODRÍA", "p": [23] },
	{ "s": "PONDRÁ", "p": [8] },
	{ "s": "POR", "p": [23, 21, 20, 13, 19, 15, 8, 5, 3, 18, 16, 9, 6] },
	{ "s": "POSIBILIDAD", "p": [6] },
	{ "s": "POSTERIORMENTE", "p": [15, 9, 4] },
	{ "s": "PRECIO", "p": [23, 16] },
	{ "s": "PRIMER", "p": [5, 15, 12, 9, 7, 6] },
	{ "s": "PRIMERA", "p": [20] },
	{ "s": "PRIMERO", "p": [19, 15, 8, 4] },
	{ "s": "PRINCIPAL", "p": [6, 1, 7, 4, 3] },
	{ "s": "PROCEDER", "p": [5] },
	{ "s": "PROCEDERÁ", "p": [5] },
	{ "s": "PUEDA", "p": [14] },
	{ "s": "PUEDE", "p": [12] },
	{ "s": "PÁGINA", "p": [14, 1, 15, 11] }
]