[
	{ "s": "LA", "p": [13, 5, 8, 23, 9, 16, 4, 15, 18, 10, 6, 21, 20, 7, 17, 14, 12, 22, 11, 19] },
	{ "s": "LADO", "p": [16, 23, 13, 10, 9, 8, 6, 5, 4] },
	{ "s": "LADPO", "p": [5] },
	{ "s": "LAS", "p": [8, 20, 6, 9, 5, 23, 21, 16, 15, 14, 7, 13, 12, 11, 10] },
	{ "s": "LE", "p": [16, 13, 23, 18, 10, 6, 22, 19, 12, 9, 5] },
	{ "s": "LETRA", "p": [15] },
	{ "s": "LETRAS", "p": [15, 14, 9, 7] },
	{ "s": "LINEAL", "p": [6] },
	{ "s": "LISTADO", "p": [15] },
	{ "s": "LISTAR", "p": [13, 12, 8, 23, 22, 18, 10, 9] },
	{ "s": "LLAMA", "p": [23, 16, 15] },
	{ "s": "LLAMADA", "p": [16, 5] },
	{ "s": "LLAMADO", "p": [22, 17, 13, 4] },
	{ "s": "LLENADAS", "p": [9, 8] },
	{ "s": "LLENAR", "p": [5, 15] },
	{ "s": "LLENARLA", "p": [5] },
	{ "s": "LLENAS", "p": [15] },
	{ "s": "LLENE", "p": [5] },
	{ "s": "LLEVA", "p": [13, 11, 23, 16, 15, 14, 4] },
	{ "s": "LLEVADO", "p": [14, 11, 6] },
	{ "s": "LLEVAN", "p": [12, 11] },
	{ "s": "LLEVARA", "p": [7, 9, 8, 5, 4] },
	{ "s": "LO", "p": [6, 5, 4] },
	{ "s": "LOGIN", "p": [4, 5, 3] },
	{ "s": "LOGO", "p": [16, 5] },
	{ "s": "LOGUEADO", "p": [6] },
	{ "s": "LOGUEARSE", "p": [4] },
	{ "s": "LOS", "p": [8, 5, 13, 9, 23, 12, 7, 6, 18, 10, 20, 15, 4] },
	{ "s": "LUEGO", "p": [15] },
	{ "s": "LUGAR", "p": [9] }
]