[
	{ "s": "HA", "p": [12, 4] },
	{ "s": "HABER", "p": [4] },
	{ "s": "HABERSE", "p": [4] },
	{ "s": "HABILITAR", "p": [8, 23, 13, 9] },
	{ "s": "HABRÁ", "p": [18, 12] },
	{ "s": "HACER", "p": [4] },
	{ "s": "HACERLO", "p": [8] },
	{ "s": "HACIENDO", "p": [16] },
	{ "s": "HAGA", "p": [12] },
	{ "s": "HAGAN", "p": [12] },
	{ "s": "HALLARÁ", "p": [5] },
	{ "s": "HASTA", "p": [20, 21] },
	{ "s": "HAY", "p": [23] },
	{ "s": "HECHO", "p": [8, 5] },
	{ "s": "HECHOS", "p": [8] },
	{ "s": "HIZO", "p": [13] },
	{ "s": "HORA", "p": [16, 21, 20, 15, 4] }
]