[
	{ "s": "3", "p": [3, 15, 16, 14, 10, 7, 23, 22, 21, 20, 19, 18, 17, 13, 12, 11, 9, 8, 6] },
	{ "s": "3.1", "p": [7, 3] },
	{ "s": "3.1.1", "p": [8, 3] },
	{ "s": "3.1.2", "p": [9, 3] },
	{ "s": "3.1.3", "p": [10, 3] },
	{ "s": "3.2", "p": [11, 3] },
	{ "s": "3.2.1", "p": [12, 3] },
	{ "s": "3.2.2", "p": [13, 3] },
	{ "s": "3.3", "p": [14, 3] },
	{ "s": "3.3.1", "p": [15, 3] },
	{ "s": "3.3.2", "p": [16, 3] },
	{ "s": "3.4", "p": [17, 3] },
	{ "s": "3.4.1", "p": [18, 3] },
	{ "s": "3.5", "p": [19, 3] },
	{ "s": "3.5.1", "p": [20, 3] },
	{ "s": "3.5.2", "p": [21, 3] },
	{ "s": "3.6", "p": [22, 3] },
	{ "s": "3.6.1", "p": [23, 3] },
	{ "s": "3NUMERO", "p": [15] }
]