[
	{ "s": "NADA", "p": [8] },
	{ "s": "NECESARIO", "p": [5, 10] },
	{ "s": "NECESIDAD", "p": [6] },
	{ "s": "NECESITE", "p": [6] },
	{ "s": "NEGRO", "p": [22, 19, 17, 14, 13, 9, 8, 7, 5, 4] },
	{ "s": "NINGÚN", "p": [18, 13, 10] },
	{ "s": "NO", "p": [5, 15, 12, 4, 23, 18, 13, 10, 8] },
	{ "s": "NOMBRADA", "p": [5] },
	{ "s": "NOMBRADAS", "p": [5] },
	{ "s": "NOMBRE", "p": [13, 8, 5, 6, 11, 14, 12, 7, 4, 23, 22, 16, 15] },
	{ "s": "NOMBRES", "p": [12] },
	{ "s": "NOS", "p": [12, 16, 11, 6] },
	{ "s": "NUESTRO", "p": [6] },
	{ "s": "NUEVA", "p": [23, 21, 20, 10] },
	{ "s": "NUEVAMENTE", "p": [23, 13] },
	{ "s": "NUEVO", "p": [8, 13] },
	{ "s": "NUEVOS", "p": [8] },
	{ "s": "NUMERO", "p": [5, 21, 20, 18, 16, 12] },
	{ "s": "NÚMERO", "p": [15, 12, 18, 16] },
	{ "s": "NÚMEROS", "p": [15] }
]