[
	{ "s": "VA", "p": [13, 16, 12, 10, 6] },
	{ "s": "VACÍAS", "p": [15] },
	{ "s": "VALOR", "p": [16, 23, 21, 20] },
	{ "s": "VAYA", "p": [16] },
	{ "s": "VEHICULOS", "p": [3] },
	{ "s": "VEHICULÓ", "p": [16] },
	{ "s": "VEHÍCULO", "p": [23, 16, 19, 18] },
	{ "s": "VEHÍCULOS", "p": [17, 18, 21, 6] },
	{ "s": "VEMOS", "p": [16] },
	{ "s": "VER", "p": [18, 8] },
	{ "s": "VERA", "p": [22, 13] },
	{ "s": "VERIFICACION", "p": [4] },
	{ "s": "VERIFICAR", "p": [4] },
	{ "s": "VERO", "p": [18] },
	{ "s": "VERÁ", "p": [10] },
	{ "s": "VEZ", "p": [9, 8, 6, 5, 21, 4] },
	{ "s": "VISTA", "p": [13, 7, 6, 23, 22, 18, 14, 11, 10, 5, 19, 17, 12, 9, 4] },
	{ "s": "VISTAS", "p": [11, 9, 6] },
	{ "s": "VISTO", "p": [15] },
	{ "s": "VOLVER", "p": [11, 9, 8, 22, 19, 17, 14, 13, 7] }
]