[
	{ "s": "FECHA", "p": [20, 16, 15, 21, 19, 3] },
	{ "s": "FECHAS", "p": [20, 21] },
	{ "s": "FILA", "p": [9, 8, 18, 16] },
	{ "s": "FILAS", "p": [23, 13, 21, 20, 18] },
	{ "s": "FINALIZANDO", "p": [12] },
	{ "s": "FLECHA", "p": [7] },
	{ "s": "FONDO", "p": [5, 22, 19, 17, 14, 13, 9, 8, 7, 6] },
	{ "s": "FORMA", "p": [15] },
	{ "s": "FRASE", "p": [4, 5] },
	{ "s": "FUE", "p": [11] },
	{ "s": "FUERA", "p": [5] },
	{ "s": "FUNCIONA", "p": [6] },
	{ "s": "FUNCIONALIDADES", "p": [9] },
	{ "s": "FUNCIONES", "p": [7, 6, 14, 8] },
	{ "s": "FUNCIÓN", "p": [23, 21, 20, 16, 13, 10, 7, 6] }
]