[
	{ "s": "O", "p": [8, 16, 15, 12, 9, 6, 13, 4] },
	{ "s": "OCURRE", "p": [13] },
	{ "s": "OFRECIDAS", "p": [6] },
	{ "s": "OPCION", "p": [23, 5, 18, 4] },
	{ "s": "OPCIONES", "p": [8, 7, 6, 12, 11, 10, 5] },
	{ "s": "OPCIÓN", "p": [13, 16, 9, 6, 18, 8, 15, 12, 10, 5] },
	{ "s": "OPORTUNIDAD", "p": [12] },
	{ "s": "OPOSICIÓN", "p": [22, 13] },
	{ "s": "OPRIME", "p": [23, 13, 8, 18, 9, 21, 20, 15, 14, 12, 11, 7, 5, 4] },
	{ "s": "OPRIMIDA", "p": [10] },
	{ "s": "OPRIMIDO", "p": [7, 21, 10, 5] },
	{ "s": "OPRIMIENDO", "p": [8] },
	{ "s": "OPRIMIR", "p": [21, 15, 8, 5, 4] },
	{ "s": "OPRIMIRLO", "p": [20] },
	{ "s": "OPRIMIRÁ", "p": [15] },
	{ "s": "OPRIMIÓ", "p": [19] },
	{ "s": "ORDENADOS", "p": [21, 20] },
	{ "s": "OSCURO", "p": [6] },
	{ "s": "OTRA", "p": [5, 9, 23, 8] },
	{ "s": "OTRAS", "p": [5] },
	{ "s": "OTROS", "p": [6] }
]