[
	{ "s": "TABA", "p": [16] },
	{ "s": "TABAL", "p": [12] },
	{ "s": "TABALA", "p": [8] },
	{ "s": "TABLA", "p": [16, 8, 9, 15, 23, 13, 5, 12, 10, 3, 21, 20, 18] },
	{ "s": "TABLAS", "p": [8] },
	{ "s": "TAMBIEN", "p": [5] },
	{ "s": "TAMBIÉN", "p": [12, 6] },
	{ "s": "TARIFA", "p": [23, 16, 21, 20, 15, 6] },
	{ "s": "TARIFAS", "p": [22, 23, 3] },
	{ "s": "TELÉFONO", "p": [5, 12] },
	{ "s": "TENDRA", "p": [5] },
	{ "s": "TENDRÁ", "p": [16, 7] },
	{ "s": "TENDRÁN", "p": [6] },
	{ "s": "TENEMOS", "p": [23, 13] },
	{ "s": "TENER", "p": [5] },
	{ "s": "TENGA", "p": [6, 5] },
	{ "s": "TERCER", "p": [8, 7] },
	{ "s": "TICKET", "p": [16, 15, 3, 21, 20] },
	{ "s": "TICKETS", "p": [14, 19, 15, 6, 3] },
	{ "s": "TIENE", "p": [15, 14, 23, 22, 17, 16, 13, 10, 8] },
	{ "s": "TIENEN", "p": [8] },
	{ "s": "TIPO", "p": [13, 23, 12, 5, 21, 20, 16, 3] },
	{ "s": "TIPOS", "p": [13, 5, 11] },
	{ "s": "TITULO", "p": [9] },
	{ "s": "TODA", "p": [5] },
	{ "s": "TODAS", "p": [23, 15, 6] },
	{ "s": "TODO", "p": [12] },
	{ "s": "TODOS", "p": [8, 9, 21, 20, 18, 13, 12] },
	{ "s": "TOMARA", "p": [9] },
	{ "s": "TOTAL", "p": [16] },
	{ "s": "TOTALMENTE", "p": [21, 20] },
	{ "s": "TRABAJANDO", "p": [22, 13] },
	{ "s": "TRAJE", "p": [11] },
	{ "s": "TRES", "p": [22, 13, 8] },
	{ "s": "TÍTULO", "p": [9, 14, 11, 8, 7, 5] }
]