{
	"1": ["Página p... ¡Se requiere una licencia Advanced!", "index.htm", []],
	"2": ["Creadores de... ¡Se requiere una licencia Advanced!", "creadores_de_easyparking.htm", []],
	"3": ["Tabla de ... ¡Se requiere una licencia Advanced!", "tabla_de_contenido.htm", []],
	"4": ["1. L... ¡Se requiere una licencia Advanced!", "login.htm", []],
	"5": ["2. Re... ¡Se requiere una licencia Advanced!", "registro.htm", []],
	"6": ["3. Interfa... ¡Se requiere una licencia Advanced!", "interfaz_principal.htm", []],
	"7": ["3.1. Administra... ¡Se requiere una licencia Advanced!", "administracion_de_usuarios.htm", [5]],
	"8": ["3.1.1. Administ... ¡Se requiere una licencia Advanced!", "administracion_de_roles.htm", [5,6]],
	"9": ["3.1.2. Administra... ¡Se requiere una licencia Advanced!", "administracion_de_usuarios_.htm", [5,6]],
	"10": ["3.1.3. Administrac... ¡Se requiere una licencia Advanced!", "administracion_usuarios_roles.htm", [5,6]],
	"11": ["3.2. Administrac... ¡Se requiere una licencia Advanced!", "administracion_de_empleados_1.htm", [5]],
	"12": ["3.2.1. Administra... ¡Se requiere una licencia Advanced!", "administracion_de_empleados_2.htm", [5,7]],
	"13": ["3.2.2. Administració... ¡Se requiere una licencia Advanced!", "administracion_tipo_de_documento_.htm", [5,7]],
	"14": ["3.3. Administra... ¡Se requiere una licencia Advanced!", "administracion_de_tickets.htm", [5]],
	"15": ["3.3.1. Ab... ¡Se requiere una licencia Advanced!", "abrir_ticket.htm", [5,8]],
	"16": ["3.3.2. Cer... ¡Se requiere una licencia Advanced!", "cerrar_ticket.htm", [5,8]],
	"17": ["3.4. Administr... ¡Se requiere una licencia Advanced!", "administracion_vehiculos.htm", [5]],
	"18": ["3.4.1. Administra... ¡Se requiere una licencia Advanced!", "administracion_de_vehiculos_.htm", [5,9]],
	"19": ["3.5. Administrac... ¡Se requiere una licencia Advanced!", "administracion_de_reportes_.htm", [5]],
	"20": ["3.5.1. Generar R... ¡Se requiere una licencia Advanced!", "generar_reporte_por_fecha_.htm", [5,10]],
	"21": ["3.5.2. Generar Rep... ¡Se requiere una licencia Advanced!", "generar_reporte_por_vehiculos_.htm", [5,10]],
	"22": ["3.6. Administ... ¡Se requiere una licencia Advanced!", "administracion_tarifas_1.htm", [5]],
	"23": ["3.6.1. Adminis... ¡Se requiere una licencia Advanced!", "administracion_tarifas_2.htm", [5,11]]
}