[
	{ "fileName": "0xu0030.json", "first": "00", "last": "00" },
	{ "fileName": "0xu0031.json", "first": "1", "last": "1" },
	{ "fileName": "0xu0032.json", "first": "2", "last": "2021" },
	{ "fileName": "0xu0033.json", "first": "3", "last": "3NUMERO" },
	{ "fileName": "0xu0034.json", "first": "4", "last": "4" },
	{ "fileName": "0xu0035.json", "first": "5", "last": "5" },
	{ "fileName": "0xu0036.json", "first": "6", "last": "6.900.00" },
	{ "fileName": "0xu0039.json", "first": "900", "last": "900" },
	{ "fileName": "0xu0041.json", "first": "A", "last": "AYUDARA" },
	{ "fileName": "0xu0042.json", "first": "BARRA", "last": "BÚSQUEDA" },
	{ "fileName": "0xu0043.json", "first": "CADA", "last": "CÓMO" },
	{ "fileName": "0xu0044.json", "first": "DA", "last": "DÍA" },
	{ "fileName": "0xu0045.json", "first": "E", "last": "EXISTEN" },
	{ "fileName": "0xu0046.json", "first": "FECHA", "last": "FUNCIÓN" },
	{ "fileName": "0xu0047.json", "first": "GENERAR", "last": "GUARDEN" },
	{ "fileName": "0xu0048.json", "first": "HA", "last": "HORA" },
	{ "fileName": "0xu0049.json", "first": "ICONO", "last": "IZQUIERDA" },
	{ "fileName": "0xu004a.json", "first": "JAIRO", "last": "JUNTO" },
	{ "fileName": "0xu004c.json", "first": "LA", "last": "LUGAR" },
	{ "fileName": "0xu004d.json", "first": "MANERA", "last": "MÁS" },
	{ "fileName": "0xu004e.json", "first": "NADA", "last": "NÚMEROS" },
	{ "fileName": "0xu004f.json", "first": "O", "last": "OTROS" },
	{ "fileName": "0xu0050.json", "first": "PAGAR", "last": "PÁGINA" },
	{ "fileName": "0xu0051.json", "first": "QUE", "last": "QUITIAN" },
	{ "fileName": "0xu0052.json", "first": "REALICE", "last": "ROLES" },
	{ "fileName": "0xu0053.json", "first": "SABER", "last": "SÁNCHEZ" },
	{ "fileName": "0xu0054.json", "first": "TABA", "last": "TÍTULO" },
	{ "fileName": "0xu0055.json", "first": "UBICACIÓN", "last": "UTILIZAR" },
	{ "fileName": "0xu0056.json", "first": "VA", "last": "VOLVER" },
	{ "fileName": "0xu0059.json", "first": "Y", "last": "YA" },
	{ "fileName": "0xu00c9.json", "first": "ÉL", "last": "ÉL" },
	{ "fileName": "0xu00da.json", "first": "ÚLTIMO", "last": "ÚNICO" }
]